<?xml version="1.0" encoding="UTF-8"?>
<metadata xml:lang="en"><Esri><CreaDate>20230702</CreaDate><CreaTime>00551700</CreaTime><ArcGISFormat>1.0</ArcGISFormat><SyncOnce>TRUE</SyncOnce><DataProperties><lineage><Process ToolSource="D:\ArcGIS10\Desktop10.0\ArcToolbox\Toolboxes\Data Management Tools.tbx\Project" Date="20180705" Time="130337">Project 2005 "E:\SKLGP\Paper\Earth science data\Dataset1\2005r.shp" PROJCS['WGS_1984_UTM_Zone_48N',GEOGCS['GCS_WGS_1984',DATUM['D_WGS_1984',SPHEROID['WGS_1984',6378137.0,298.257223563]],PRIMEM['Greenwich',0.0],UNIT['Degree',0.0174532925199433]],PROJECTION['Transverse_Mercator'],PARAMETER['False_Easting',500000.0],PARAMETER['False_Northing',0.0],PARAMETER['Central_Meridian',105.0],PARAMETER['Scale_Factor',0.9996],PARAMETER['Latitude_Of_Origin',0.0],UNIT['Meter',1.0]] # GEOGCS['GCS_WGS_1984',DATUM['D_WGS_1984',SPHEROID['WGS_1984',6378137.0,298.257223563]],PRIMEM['Greenwich',0.0],UNIT['Degree',0.0174532925199433]]</Process><Process ToolSource="D:\ArcGIS10\Desktop10.0\ArcToolbox\Toolboxes\Data Management Tools.tbx\CalculateField" Date="20180705" Time="133115">CalculateField 2005 CID 6 VB #</Process><Process ToolSource="D:\ArcGIS10\Desktop10.0\ArcToolbox\Toolboxes\Data Management Tools.tbx\CalculateField" Date="20180705" Time="133223">CalculateField 2005 CID 7 VB #</Process><Process ToolSource="D:\ArcGIS10\Desktop10.0\ArcToolbox\Toolboxes\Data Management Tools.tbx\CalculateField" Date="20180705" Time="134103">CalculateField 2005 CID 12 VB #</Process><Process ToolSource="D:\ArcGIS10\Desktop10.0\ArcToolbox\Toolboxes\Data Management Tools.tbx\CalculateField" Date="20180705" Time="142528">CalculateField 2005 CID 15 VB #</Process><Process ToolSource="D:\ArcGIS10\Desktop10.0\ArcToolbox\Toolboxes\Data Management Tools.tbx\CalculateField" Date="20180706" Time="121511">CalculateField 2005 CID 33 VB #</Process><Process ToolSource="D:\ArcGIS10\Desktop10.0\ArcToolbox\Toolboxes\Data Management Tools.tbx\CalculateField" Date="20180706" Time="121717">CalculateField 2005 CID 35 VB #</Process><Process ToolSource="D:\ArcGIS10\Desktop10.0\ArcToolbox\Toolboxes\Data Management Tools.tbx\CalculateField" Date="20180706" Time="122109">CalculateField 2005 CID 41 VB #</Process><Process ToolSource="D:\ArcGIS10\Desktop10.0\ArcToolbox\Toolboxes\Data Management Tools.tbx\CalculateField" Date="20180706" Time="122421">CalculateField 2005 Id [FID] VB #</Process><Process ToolSource="D:\ArcGIS10\Desktop10.0\ArcToolbox\Toolboxes\Data Management Tools.tbx\CalculateField" Date="20181110" Time="144009">CalculateField 2005 CID2 70 VB #</Process><Process ToolSource="D:\ArcGIS10\Desktop10.0\ArcToolbox\Toolboxes\Data Management Tools.tbx\CalculateField" Date="20181110" Time="144035">CalculateField 2005 CID2 69 VB #</Process><Process ToolSource="D:\ArcGIS10\Desktop10.0\ArcToolbox\Toolboxes\Data Management Tools.tbx\CalculateField" Date="20181110" Time="144046">CalculateField 2005 CID2 68 VB #</Process><Process ToolSource="D:\ArcGIS10\Desktop10.0\ArcToolbox\Toolboxes\Data Management Tools.tbx\CalculateField" Date="20181110" Time="144059">CalculateField 2005 CID2 60 VB #</Process><Process ToolSource="D:\ArcGIS10\Desktop10.0\ArcToolbox\Toolboxes\Data Management Tools.tbx\CalculateField" Date="20181110" Time="144116">CalculateField 2005 CID2 59 VB #</Process><Process ToolSource="D:\ArcGIS10\Desktop10.0\ArcToolbox\Toolboxes\Data Management Tools.tbx\CalculateField" Date="20181110" Time="185309">CalculateField 2005 CID2 48 VB #</Process><Process ToolSource="D:\ArcGIS10\Desktop10.0\ArcToolbox\Toolboxes\Data Management Tools.tbx\CalculateField" Date="20181110" Time="185320">CalculateField 2005 CID2 73 VB #</Process><Process ToolSource="D:\ArcGIS10\Desktop10.0\ArcToolbox\Toolboxes\Data Management Tools.tbx\CalculateField" Date="20181110" Time="185340">CalculateField 2005 CID2 65 VB #</Process><Process ToolSource="D:\ArcGIS10\Desktop10.0\ArcToolbox\Toolboxes\Data Management Tools.tbx\CalculateField" Date="20181110" Time="185351">CalculateField 2005 CID2 66 VB #</Process><Process ToolSource="D:\ArcGIS10\Desktop10.0\ArcToolbox\Toolboxes\Data Management Tools.tbx\CalculateField" Date="20181110" Time="185402">CalculateField 2005 CID2 1 VB #</Process><Process ToolSource="D:\ArcGIS10\Desktop10.0\ArcToolbox\Toolboxes\Data Management Tools.tbx\CalculateField" Date="20181110" Time="185421">CalculateField 2005 CID2 3 VB #</Process><Process ToolSource="D:\ArcGIS10\Desktop10.0\ArcToolbox\Toolboxes\Data Management Tools.tbx\CalculateField" Date="20181110" Time="185432">CalculateField 2005 CID2 4 VB #</Process><Process ToolSource="D:\ArcGIS10\Desktop10.0\ArcToolbox\Toolboxes\Data Management Tools.tbx\CalculateField" Date="20181110" Time="185442">CalculateField 2005 CID2 5 VB #</Process><Process ToolSource="D:\ArcGIS10\Desktop10.0\ArcToolbox\Toolboxes\Data Management Tools.tbx\CalculateField" Date="20181110" Time="185459">CalculateField 2005 CID2 72 VB #</Process><Process ToolSource="D:\ArcGIS10\Desktop10.0\ArcToolbox\Toolboxes\Data Management Tools.tbx\CalculateField" Date="20181110" Time="185518">CalculateField 2005 CID2 7 VB #</Process><Process ToolSource="D:\ArcGIS10\Desktop10.0\ArcToolbox\Toolboxes\Data Management Tools.tbx\CalculateField" Date="20181110" Time="185628">CalculateField 2005 CID2 23 VB #</Process><Process ToolSource="D:\ArcGIS10\Desktop10.0\ArcToolbox\Toolboxes\Data Management Tools.tbx\CalculateField" Date="20181110" Time="185708">CalculateField 2005 CID2 24 VB #</Process><Process ToolSource="D:\ArcGIS10\Desktop10.0\ArcToolbox\Toolboxes\Data Management Tools.tbx\CalculateField" Date="20181110" Time="185731">CalculateField 2005 CID2 25 VB #</Process><Process ToolSource="D:\ArcGIS10\Desktop10.0\ArcToolbox\Toolboxes\Data Management Tools.tbx\CalculateField" Date="20181110" Time="185815">CalculateField 2005 CID2 29 VB #</Process><Process ToolSource="c:\program files (x86)\arcgis\desktop10.1\ArcToolbox\Toolboxes\Data Management Tools.tbx\CalculateField" Date="20181110" Time="194230">CalculateField 2005 CID [CID2] VB #</Process><Process Name="Project" ToolSource="c:\program files\arcgis\pro\Resources\ArcToolbox\toolboxes\Data Management Tools.tbx\Project" Date="20230702" Time="005517">Project 2005 "D:\Research Work\Landslide Movement Type Classification\Data\China\wenchuan__2005.shp" GEOGCS["GCS_WGS_1984",DATUM["D_WGS_1984",SPHEROID["WGS_1984",6378137.0,298.257223563]],PRIMEM["Greenwich",0.0],UNIT["Degree",0.0174532925199433]] # PROJCS["WGS_1984_UTM_Zone_48N",GEOGCS["GCS_WGS_1984",DATUM["D_WGS_1984",SPHEROID["WGS_1984",6378137.0,298.257223563]],PRIMEM["Greenwich",0.0],UNIT["Degree",0.0174532925199433]],PROJECTION["Transverse_Mercator"],PARAMETER["False_Easting",500000.0],PARAMETER["False_Northing",0.0],PARAMETER["Central_Meridian",105.0],PARAMETER["Scale_Factor",0.9996],PARAMETER["Latitude_Of_Origin",0.0],UNIT["Meter",1.0]] NO_PRESERVE_SHAPE # NO_VERTICAL</Process></lineage></DataProperties></Esri></metadata>
