<?xml version="1.0" encoding="UTF-8"?>
<metadata xml:lang="en"><Esri><CreaDate>20230702</CreaDate><CreaTime>00551800</CreaTime><ArcGISFormat>1.0</ArcGISFormat><SyncOnce>FALSE</SyncOnce><DataProperties><itemProps><itemName Sync="TRUE">2008_t</itemName><imsContentType Sync="TRUE">002</imsContentType><itemSize Sync="TRUE">0.000</itemSize><itemLocation><linkage Sync="TRUE">file://\\PC-6657709AD\E$\SKLGP\Paper\Earth science data\Dataset_final22\2008</linkage><protocol Sync="TRUE">Local Area Network</protocol></itemLocation></itemProps><coordRef><type Sync="TRUE">Projected</type><geogcsn Sync="TRUE">GCS_Krasovsky_1940</geogcsn><projcsn Sync="TRUE">Krasovsky_1940_Transverse_Mercator</projcsn><peXml Sync="TRUE">&lt;ProjectedCoordinateSystem xsi:type='typens:ProjectedCoordinateSystem' xmlns:xsi='http://www.w3.org/2001/XMLSchema-instance' xmlns:xs='http://www.w3.org/2001/XMLSchema' xmlns:typens='http://www.esri.com/schemas/ArcGIS/10.0'&gt;&lt;WKT&gt;PROJCS[&amp;quot;Krasovsky_1940_Transverse_Mercator&amp;quot;,GEOGCS[&amp;quot;GCS_Krasovsky_1940&amp;quot;,DATUM[&amp;quot;D_Krasovsky_1940&amp;quot;,SPHEROID[&amp;quot;Krasovsky_1940&amp;quot;,6378245.0,298.3]],PRIMEM[&amp;quot;Greenwich&amp;quot;,0.0],UNIT[&amp;quot;Degree&amp;quot;,0.0174532925199433]],PROJECTION[&amp;quot;Transverse_Mercator&amp;quot;],PARAMETER[&amp;quot;false_easting&amp;quot;,18500000.0],PARAMETER[&amp;quot;false_northing&amp;quot;,0.0],PARAMETER[&amp;quot;central_meridian&amp;quot;,105.0],PARAMETER[&amp;quot;scale_factor&amp;quot;,1.0],PARAMETER[&amp;quot;latitude_of_origin&amp;quot;,0.0],UNIT[&amp;quot;Meter&amp;quot;,1.0]]&lt;/WKT&gt;&lt;XOrigin&gt;12876700&lt;/XOrigin&gt;&lt;YOrigin&gt;-10002300&lt;/YOrigin&gt;&lt;XYScale&gt;450256403.76418376&lt;/XYScale&gt;&lt;ZOrigin&gt;-100000&lt;/ZOrigin&gt;&lt;ZScale&gt;10000&lt;/ZScale&gt;&lt;MOrigin&gt;-100000&lt;/MOrigin&gt;&lt;MScale&gt;10000&lt;/MScale&gt;&lt;XYTolerance&gt;0.001&lt;/XYTolerance&gt;&lt;ZTolerance&gt;0.001&lt;/ZTolerance&gt;&lt;MTolerance&gt;0.001&lt;/MTolerance&gt;&lt;HighPrecision&gt;true&lt;/HighPrecision&gt;&lt;/ProjectedCoordinateSystem&gt;</peXml></coordRef><lineage><Process ToolSource="D:\ArcGIS10\Desktop10.0\ArcToolbox\Toolboxes\Data Management Tools.tbx\Merge" Date="20180706" Time="174201">Merge 2008_ND;2008 "E:\SKLGP\Paper\Earth science data\Dataset1\2008_t.shp" "ID "ID" true true false 10 Double 0 10 ,First,#,2008_ND,ID,-1,-1,2008,ID,-1,-1;MEAN_Time "MEAN_Time" true true false 19 Double 0 0 ,First,#,2008_ND,MEAN_Time,-1,-1,2008,MEAN_Time,-1,-1;MAX_M_C "MAX_M_C" true true false 10 Double 0 10 ,First,#,2008_ND,MAX_M_C,-1,-1,2008,MAX_M_C,-1,-1;FIRST_H_C "FIRST_H_C" true true false 50 Text 0 0 ,First,#,2008_ND,FIRST_H_C,-1,-1,2008,FIRST_H_C,-1,-1;FIRST_Catc "FIRST_Catc" true true false 10 Double 0 10 ,First,#,2008_ND,FIRST_Catc,-1,-1,2008,FIRST_Catc,-1,-1;FIRST_CID "FIRST_CID" true true false 10 Double 0 10 ,First,#,2008_ND,FIRST_CID,-1,-1,2008,FIRST_CID,-1,-1;FIRST_Type "FIRST_Type" true true false 50 Text 0 0 ,First,#,2008_ND,FIRST_Type,-1,-1,2008,FIRST_Type,-1,-1;Area "Area" true true false 13 Float 0 0 ,First,#,2008_ND,Area,-1,-1,2008,Area,-1,-1;Area_1 "Area_1" true true false 13 Float 0 0 ,First,#,2008_ND,Area_1,-1,-1,2008,Area_1,-1,-1;Area_12 "Area_12" true true false 13 Float 0 0 ,First,#,2008_ND,Area_12,-1,-1,2008,Area_12,-1,-1;Area_12_13 "Area_12_13" true true false 13 Float 0 0 ,First,#,2008_ND,Area_12_13,-1,-1,2008,Area_12_13,-1,-1;Area_Gui "Area_Gui" true true false 11 Double 9 10 ,First,#,2008_ND,Area_Gui,-1,-1,2008,Area_Gui,-1,-1;AL11 "AL11" true true false 6 Float 4 5 ,First,#,2008_ND,AL11,-1,-1,2008,AL11,-1,-1;AL13 "AL13" true true false 6 Float 4 5 ,First,#,2008_ND,AL13,-1,-1,2008,AL13,-1,-1;AL15 "AL15" true true false 6 Float 4 5 ,First,#,2008_ND,AL15,-1,-1,2008,AL15,-1,-1;Area_Gui_1 "Area_Gui_1" true true false 10 Double 0 10 ,First,#,2008_ND,Area_Gui_1,-1,-1,2008,Area_Gui_1,-1,-1;Rowid_ "Rowid_" true true false 9 Long 0 9 ,First,#,2008_ND,Rowid_,-1,-1,2008,Rowid_,-1,-1;ID_1 "ID_1" true true false 9 Long 0 9 ,First,#,2008_ND,ID_1,-1,-1,2008,ID_1,-1,-1;COUNT "COUNT" true true false 9 Long 0 9 ,First,#,2008_ND,COUNT,-1,-1,2008,COUNT,-1,-1;AREA_12_14 "AREA_12_14" true true false 13 Float 0 0 ,First,#,2008_ND,AREA_12_14,-1,-1,2008,AREA_12_14,-1,-1;MIN "MIN" true true false 13 Float 0 0 ,First,#,2008_ND,MIN,-1,-1,2008,MIN,-1,-1;MAX "MAX" true true false 13 Float 0 0 ,First,#,2008_ND,MAX,-1,-1,2008,MAX,-1,-1;RANGE "RANGE" true true false 13 Float 0 0 ,First,#,2008_ND,RANGE,-1,-1,2008,RANGE,-1,-1;MEAN "MEAN" true true false 13 Float 0 0 ,First,#,2008_ND,MEAN,-1,-1,2008,MEAN,-1,-1;STD "STD" true true false 13 Float 0 0 ,First,#,2008_ND,STD,-1,-1,2008,STD,-1,-1;SUM "SUM" true true false 13 Float 0 0 ,First,#,2008_ND,SUM,-1,-1,2008,SUM,-1,-1;CID "CID" true true false 4 Short 0 4 ,First,#,2008,CID,-1,-1;Type "Type" true true false 50 Text 0 0 ,First,#,2008,Type,-1,-1;Act_level "Act_level" true true false 4 Short 0 4 ,First,#,2008,Act_level,-1,-1;New "New" true true false 4 Short 0 4 ,First,#,2008,New,-1,-1"</Process><Process ToolSource="D:\ArcGIS10\Desktop10.0\ArcToolbox\Toolboxes\Data Management Tools.tbx\CalculateField" Date="20180706" Time="175634">CalculateField 2008_t Type 99 VB #</Process><Process ToolSource="D:\ArcGIS10\Desktop10.0\ArcToolbox\Toolboxes\Data Management Tools.tbx\CalculateField" Date="20180706" Time="180148">CalculateField 2008_t CID 27 VB #</Process><Process ToolSource="D:\ArcGIS10\Desktop10.0\ArcToolbox\Toolboxes\Data Management Tools.tbx\CalculateField" Date="20180706" Time="180333">CalculateField 2008_t CID 15 VB #</Process><Process ToolSource="D:\ArcGIS10\Desktop10.0\ArcToolbox\Toolboxes\Data Management Tools.tbx\CalculateField" Date="20180706" Time="180435">CalculateField 2008_t CID 18 VB #</Process><Process ToolSource="D:\ArcGIS10\Desktop10.0\ArcToolbox\Toolboxes\Data Management Tools.tbx\CalculateField" Date="20180706" Time="180511">CalculateField 2008_t CID 20 VB #</Process><Process ToolSource="D:\ArcGIS10\Desktop10.0\ArcToolbox\Toolboxes\Data Management Tools.tbx\Project" Date="20180706" Time="181509">Project 2008 "E:\SKLGP\Paper\Earth science data\Dataset1\2008r.shp" PROJCS['WGS_1984_UTM_Zone_48N',GEOGCS['GCS_WGS_1984',DATUM['D_WGS_1984',SPHEROID['WGS_1984',6378137.0,298.257223563]],PRIMEM['Greenwich',0.0],UNIT['Degree',0.0174532925199433]],PROJECTION['Transverse_Mercator'],PARAMETER['False_Easting',500000.0],PARAMETER['False_Northing',0.0],PARAMETER['Central_Meridian',105.0],PARAMETER['Scale_Factor',0.9996],PARAMETER['Latitude_Of_Origin',0.0],UNIT['Meter',1.0]] # PROJCS['Krasovsky_1940_Transverse_Mercator',GEOGCS['GCS_Krasovsky_1940',DATUM['D_Krasovsky_1940',SPHEROID['Krasovsky_1940',6378245.0,298.3]],PRIMEM['Greenwich',0.0],UNIT['Degree',0.0174532925199433]],PROJECTION['Transverse_Mercator'],PARAMETER['false_easting',18500000.0],PARAMETER['false_northing',0.0],PARAMETER['central_meridian',105.0],PARAMETER['scale_factor',1.0],PARAMETER['latitude_of_origin',0.0],UNIT['Meter',1.0]]</Process><Process ToolSource="c:\program files (x86)\arcgis\desktop10.1\ArcToolbox\Toolboxes\Data Management Tools.tbx\CalculateField" Date="20180710" Time="193836">CalculateField 2008 Type s VB #</Process><Process ToolSource="D:\ArcGIS10\Desktop10.0\ArcToolbox\Toolboxes\Data Management Tools.tbx\JoinField" Date="20180726" Time="122402">JoinField 2008 ID 2011 ID Type</Process><Process ToolSource="D:\ArcGIS10\Desktop10.0\ArcToolbox\Toolboxes\Data Management Tools.tbx\CalculateField" Date="20180726" Time="142700">CalculateField 2008 Type [Type_1] VB #</Process><Process ToolSource="D:\ArcGIS10\Desktop10.0\ArcToolbox\Toolboxes\Data Management Tools.tbx\CalculateField" Date="20181110" Time="192847">CalculateField 2008 CID2 70 VB #</Process><Process ToolSource="D:\ArcGIS10\Desktop10.0\ArcToolbox\Toolboxes\Data Management Tools.tbx\CalculateField" Date="20181110" Time="192857">CalculateField 2008 CID2 69 VB #</Process><Process ToolSource="D:\ArcGIS10\Desktop10.0\ArcToolbox\Toolboxes\Data Management Tools.tbx\CalculateField" Date="20181110" Time="192905">CalculateField 2008 CID2 68 VB #</Process><Process ToolSource="D:\ArcGIS10\Desktop10.0\ArcToolbox\Toolboxes\Data Management Tools.tbx\CalculateField" Date="20181110" Time="192916">CalculateField 2008 CID2 60 VB #</Process><Process ToolSource="D:\ArcGIS10\Desktop10.0\ArcToolbox\Toolboxes\Data Management Tools.tbx\CalculateField" Date="20181110" Time="192926">CalculateField 2008 CID2 59 VB #</Process><Process ToolSource="D:\ArcGIS10\Desktop10.0\ArcToolbox\Toolboxes\Data Management Tools.tbx\CalculateField" Date="20181110" Time="192935">CalculateField 2008 CID2 48 VB #</Process><Process ToolSource="D:\ArcGIS10\Desktop10.0\ArcToolbox\Toolboxes\Data Management Tools.tbx\CalculateField" Date="20181110" Time="192946">CalculateField 2008 CID2 73 VB #</Process><Process ToolSource="D:\ArcGIS10\Desktop10.0\ArcToolbox\Toolboxes\Data Management Tools.tbx\CalculateField" Date="20181110" Time="192957">CalculateField 2008 CID2 65 VB #</Process><Process ToolSource="D:\ArcGIS10\Desktop10.0\ArcToolbox\Toolboxes\Data Management Tools.tbx\CalculateField" Date="20181110" Time="193007">CalculateField 2008 CID2 66 VB #</Process><Process ToolSource="D:\ArcGIS10\Desktop10.0\ArcToolbox\Toolboxes\Data Management Tools.tbx\CalculateField" Date="20181110" Time="193018">CalculateField 2008 CID2 1 VB #</Process><Process ToolSource="D:\ArcGIS10\Desktop10.0\ArcToolbox\Toolboxes\Data Management Tools.tbx\CalculateField" Date="20181110" Time="193027">CalculateField 2008 CID2 2 VB #</Process><Process ToolSource="D:\ArcGIS10\Desktop10.0\ArcToolbox\Toolboxes\Data Management Tools.tbx\CalculateField" Date="20181110" Time="193036">CalculateField 2008 CID2 3 VB #</Process><Process ToolSource="D:\ArcGIS10\Desktop10.0\ArcToolbox\Toolboxes\Data Management Tools.tbx\CalculateField" Date="20181110" Time="193044">CalculateField 2008 CID2 4 VB #</Process><Process ToolSource="D:\ArcGIS10\Desktop10.0\ArcToolbox\Toolboxes\Data Management Tools.tbx\CalculateField" Date="20181110" Time="193053">CalculateField 2008 CID2 5 VB #</Process><Process ToolSource="D:\ArcGIS10\Desktop10.0\ArcToolbox\Toolboxes\Data Management Tools.tbx\CalculateField" Date="20181110" Time="193102">CalculateField 2008 CID2 72 VB #</Process><Process ToolSource="D:\ArcGIS10\Desktop10.0\ArcToolbox\Toolboxes\Data Management Tools.tbx\CalculateField" Date="20181110" Time="193111">CalculateField 2008 CID2 35 VB #</Process><Process ToolSource="D:\ArcGIS10\Desktop10.0\ArcToolbox\Toolboxes\Data Management Tools.tbx\CalculateField" Date="20181110" Time="193123">CalculateField 2008 CID2 7 VB #</Process><Process ToolSource="D:\ArcGIS10\Desktop10.0\ArcToolbox\Toolboxes\Data Management Tools.tbx\CalculateField" Date="20181110" Time="193132">CalculateField 2008 CID2 8 VB #</Process><Process ToolSource="D:\ArcGIS10\Desktop10.0\ArcToolbox\Toolboxes\Data Management Tools.tbx\CalculateField" Date="20181110" Time="193143">CalculateField 2008 CID2 10 VB #</Process><Process ToolSource="D:\ArcGIS10\Desktop10.0\ArcToolbox\Toolboxes\Data Management Tools.tbx\CalculateField" Date="20181110" Time="193153">CalculateField 2008 CID2 11 VB #</Process><Process ToolSource="D:\ArcGIS10\Desktop10.0\ArcToolbox\Toolboxes\Data Management Tools.tbx\CalculateField" Date="20181110" Time="193204">CalculateField 2008 CID2 12 VB #</Process><Process ToolSource="D:\ArcGIS10\Desktop10.0\ArcToolbox\Toolboxes\Data Management Tools.tbx\CalculateField" Date="20181110" Time="193214">CalculateField 2008 CID2 13 VB #</Process><Process ToolSource="D:\ArcGIS10\Desktop10.0\ArcToolbox\Toolboxes\Data Management Tools.tbx\CalculateField" Date="20181110" Time="193224">CalculateField 2008 CID2 14 VB #</Process><Process ToolSource="D:\ArcGIS10\Desktop10.0\ArcToolbox\Toolboxes\Data Management Tools.tbx\CalculateField" Date="20181110" Time="193244">CalculateField 2008 CID2 15 VB #</Process><Process ToolSource="D:\ArcGIS10\Desktop10.0\ArcToolbox\Toolboxes\Data Management Tools.tbx\CalculateField" Date="20181110" Time="193255">CalculateField 2008 CID2 16 VB #</Process><Process ToolSource="D:\ArcGIS10\Desktop10.0\ArcToolbox\Toolboxes\Data Management Tools.tbx\CalculateField" Date="20181110" Time="193304">CalculateField 2008 CID2 17 VB #</Process><Process ToolSource="D:\ArcGIS10\Desktop10.0\ArcToolbox\Toolboxes\Data Management Tools.tbx\CalculateField" Date="20181110" Time="193312">CalculateField 2008 CID2 18 VB #</Process><Process ToolSource="D:\ArcGIS10\Desktop10.0\ArcToolbox\Toolboxes\Data Management Tools.tbx\CalculateField" Date="20181110" Time="193322">CalculateField 2008 CID2 20 VB #</Process><Process ToolSource="D:\ArcGIS10\Desktop10.0\ArcToolbox\Toolboxes\Data Management Tools.tbx\CalculateField" Date="20181110" Time="193333">CalculateField 2008 CID2 21 VB #</Process><Process ToolSource="D:\ArcGIS10\Desktop10.0\ArcToolbox\Toolboxes\Data Management Tools.tbx\CalculateField" Date="20181110" Time="193357">CalculateField 2008 CID2 22 VB #</Process><Process ToolSource="D:\ArcGIS10\Desktop10.0\ArcToolbox\Toolboxes\Data Management Tools.tbx\CalculateField" Date="20181110" Time="193406">CalculateField 2008 CID2 23 VB #</Process><Process ToolSource="D:\ArcGIS10\Desktop10.0\ArcToolbox\Toolboxes\Data Management Tools.tbx\CalculateField" Date="20181110" Time="193419">CalculateField 2008 CID2 19 VB #</Process><Process ToolSource="D:\ArcGIS10\Desktop10.0\ArcToolbox\Toolboxes\Data Management Tools.tbx\CalculateField" Date="20181110" Time="193432">CalculateField 2008 CID2 24 VB #</Process><Process ToolSource="D:\ArcGIS10\Desktop10.0\ArcToolbox\Toolboxes\Data Management Tools.tbx\CalculateField" Date="20181110" Time="193443">CalculateField 2008 CID2 67 VB #</Process><Process ToolSource="D:\ArcGIS10\Desktop10.0\ArcToolbox\Toolboxes\Data Management Tools.tbx\CalculateField" Date="20181110" Time="193452">CalculateField 2008 CID2 25 VB #</Process><Process ToolSource="D:\ArcGIS10\Desktop10.0\ArcToolbox\Toolboxes\Data Management Tools.tbx\CalculateField" Date="20181110" Time="193503">CalculateField 2008 CID2 26 VB #</Process><Process ToolSource="D:\ArcGIS10\Desktop10.0\ArcToolbox\Toolboxes\Data Management Tools.tbx\CalculateField" Date="20181110" Time="193512">CalculateField 2008 CID2 27 VB #</Process><Process ToolSource="D:\ArcGIS10\Desktop10.0\ArcToolbox\Toolboxes\Data Management Tools.tbx\CalculateField" Date="20181110" Time="193528">CalculateField 2008 CID2 9 VB #</Process><Process ToolSource="D:\ArcGIS10\Desktop10.0\ArcToolbox\Toolboxes\Data Management Tools.tbx\CalculateField" Date="20181110" Time="193543">CalculateField 2008 CID2 28 VB #</Process><Process ToolSource="D:\ArcGIS10\Desktop10.0\ArcToolbox\Toolboxes\Data Management Tools.tbx\CalculateField" Date="20181110" Time="193554">CalculateField 2008 CID2 71 VB #</Process><Process ToolSource="D:\ArcGIS10\Desktop10.0\ArcToolbox\Toolboxes\Data Management Tools.tbx\CalculateField" Date="20181110" Time="193607">CalculateField 2008 CID2 29 VB #</Process><Process ToolSource="D:\ArcGIS10\Desktop10.0\ArcToolbox\Toolboxes\Data Management Tools.tbx\CalculateField" Date="20181110" Time="193616">CalculateField 2008 CID2 30 VB #</Process><Process ToolSource="c:\program files (x86)\arcgis\desktop10.1\ArcToolbox\Toolboxes\Data Management Tools.tbx\CalculateField" Date="20181110" Time="194412">CalculateField 2008 CID [CID2] VB #</Process><Process ToolSource="D:\ArcGIS10\Desktop10.0\ArcToolbox\Toolboxes\Data Management Tools.tbx\CalculateField" Date="20181110" Time="195242">CalculateField 2008 CID 99 VB #</Process><Process Name="Project" ToolSource="c:\program files\arcgis\pro\Resources\ArcToolbox\toolboxes\Data Management Tools.tbx\Project" Date="20230702" Time="005518">Project 2008 "D:\Research Work\Landslide Movement Type Classification\Data\China\wenchuan__2008.shp" GEOGCS["GCS_WGS_1984",DATUM["D_WGS_1984",SPHEROID["WGS_1984",6378137.0,298.257223563]],PRIMEM["Greenwich",0.0],UNIT["Degree",0.0174532925199433]] # PROJCS["WGS_1984_UTM_Zone_48N",GEOGCS["GCS_WGS_1984",DATUM["D_WGS_1984",SPHEROID["WGS_1984",6378137.0,298.257223563]],PRIMEM["Greenwich",0.0],UNIT["Degree",0.0174532925199433]],PROJECTION["Transverse_Mercator"],PARAMETER["False_Easting",500000.0],PARAMETER["False_Northing",0.0],PARAMETER["Central_Meridian",105.0],PARAMETER["Scale_Factor",0.9996],PARAMETER["Latitude_Of_Origin",0.0],UNIT["Meter",1.0]] NO_PRESERVE_SHAPE # NO_VERTICAL</Process></lineage><copyHistory><copy source="E:\SKLGP\Paper\Earth science data\Dataset_DAI\2008" dest="\\PC-6657709AD\E$\SKLGP\Paper\Earth science data\Dataset_final22\2008" date="20180802" time="10325500"></copy></copyHistory></DataProperties><SyncDate>20180706</SyncDate><SyncTime>17415800</SyncTime><ModDate>20180706</ModDate><ModTime>17415800</ModTime></Esri><dataIdInfo><envirDesc Sync="TRUE">Microsoft Windows Server 2008 R2 Version 6.1 (Build 7601) Service Pack 1; ESRI ArcGIS 10.0.0.2414</envirDesc><dataLang><languageCode value="eng" country="GBR"></languageCode></dataLang><idCitation><resTitle Sync="TRUE">2008_t</resTitle><presForm><PresFormCd value="005"></PresFormCd></presForm></idCitation><descKeys><thesaName uuidref="723f6998-058e-11dc-8314-0800200c9a66"></thesaName><keyword Sync="TRUE">002</keyword></descKeys><spatRpType><SpatRepTypCd value="001"></SpatRepTypCd></spatRpType></dataIdInfo><mdLang><languageCode value="eng"></languageCode></mdLang><mdChar><CharSetCd value="004"></CharSetCd></mdChar><distInfo><distFormat><formatName Sync="TRUE">Shapefile</formatName></distFormat><distTranOps><transSize Sync="TRUE">0.000</transSize></distTranOps></distInfo><mdHrLv><ScopeCd value="005"></ScopeCd></mdHrLv><mdHrLvName Sync="TRUE">dataset</mdHrLvName><refSysInfo><RefSystem><refSysID><identCode code="0"></identCode></refSysID></RefSystem></refSysInfo><spdoinfo><ptvctinf><esriterm Name="2008_t"><efeatyp Sync="TRUE">Simple</efeatyp><efeageom Sync="TRUE">4</efeageom><esritopo Sync="TRUE">FALSE</esritopo><efeacnt Sync="TRUE">0</efeacnt><spindex Sync="TRUE">FALSE</spindex><linrefer Sync="TRUE">FALSE</linrefer></esriterm></ptvctinf></spdoinfo><spatRepInfo><VectSpatRep><topLvl><TopoLevCd value="001"></TopoLevCd></topLvl><geometObjs><geoObjTyp><GeoObjTypCd value="002"></GeoObjTypCd><geoObjCnt Sync="TRUE">0</geoObjCnt></geoObjTyp></geometObjs></VectSpatRep></spatRepInfo><eainfo><detailed Name="2008_t"><enttyp><enttypl Sync="TRUE">2008_t</enttypl><enttypt Sync="TRUE">Feature Class</enttypt><enttypc Sync="TRUE">0</enttypc></enttyp><attr><attrlabl Sync="TRUE">FID</attrlabl><attalias Sync="TRUE">FID</attalias><attrtype Sync="TRUE">OID</attrtype><attwidth Sync="TRUE">4</attwidth><atprecis Sync="TRUE">0</atprecis><attscale Sync="TRUE">0</attscale><attrdef Sync="TRUE">Internal feature number.</attrdef><attrdefs Sync="TRUE">ESRI</attrdefs><attrdomv><udom Sync="TRUE">Sequential unique whole numbers that are automatically generated.</udom></attrdomv></attr><attr><attrlabl Sync="TRUE">Shape</attrlabl><attalias Sync="TRUE">Shape</attalias><attrtype Sync="TRUE">Geometry</attrtype><attwidth Sync="TRUE">0</attwidth><atprecis Sync="TRUE">0</atprecis><attscale Sync="TRUE">0</attscale><attrdef Sync="TRUE">Feature geometry.</attrdef><attrdefs Sync="TRUE">ESRI</attrdefs><attrdomv><udom Sync="TRUE">Coordinates defining the features.</udom></attrdomv></attr><attr><attrlabl Sync="TRUE">ID</attrlabl><attalias Sync="TRUE">ID</attalias><attrtype Sync="TRUE">Double</attrtype><attwidth Sync="TRUE">10</attwidth><atprecis Sync="TRUE">10</atprecis><attscale Sync="TRUE">0</attscale></attr><attr><attrlabl Sync="TRUE">MEAN_Time</attrlabl><attalias Sync="TRUE">MEAN_Time</attalias><attrtype Sync="TRUE">Double</attrtype><attwidth Sync="TRUE">19</attwidth><atprecis Sync="TRUE">0</atprecis><attscale Sync="TRUE">0</attscale></attr><attr><attrlabl Sync="TRUE">MAX_M_C</attrlabl><attalias Sync="TRUE">MAX_M_C</attalias><attrtype Sync="TRUE">Double</attrtype><attwidth Sync="TRUE">10</attwidth><atprecis Sync="TRUE">10</atprecis><attscale Sync="TRUE">0</attscale></attr><attr><attrlabl Sync="TRUE">FIRST_H_C</attrlabl><attalias Sync="TRUE">FIRST_H_C</attalias><attrtype Sync="TRUE">String</attrtype><attwidth Sync="TRUE">50</attwidth><atprecis Sync="TRUE">0</atprecis><attscale Sync="TRUE">0</attscale></attr><attr><attrlabl Sync="TRUE">FIRST_Catc</attrlabl><attalias Sync="TRUE">FIRST_Catc</attalias><attrtype Sync="TRUE">Double</attrtype><attwidth Sync="TRUE">10</attwidth><atprecis Sync="TRUE">10</atprecis><attscale Sync="TRUE">0</attscale></attr><attr><attrlabl Sync="TRUE">FIRST_CID</attrlabl><attalias Sync="TRUE">FIRST_CID</attalias><attrtype Sync="TRUE">Double</attrtype><attwidth Sync="TRUE">10</attwidth><atprecis Sync="TRUE">10</atprecis><attscale Sync="TRUE">0</attscale></attr><attr><attrlabl Sync="TRUE">FIRST_Type</attrlabl><attalias Sync="TRUE">FIRST_Type</attalias><attrtype Sync="TRUE">String</attrtype><attwidth Sync="TRUE">50</attwidth><atprecis Sync="TRUE">0</atprecis><attscale Sync="TRUE">0</attscale></attr><attr><attrlabl Sync="TRUE">Area</attrlabl><attalias Sync="TRUE">Area</attalias><attrtype Sync="TRUE">Single</attrtype><attwidth Sync="TRUE">13</attwidth><atprecis Sync="TRUE">0</atprecis><attscale Sync="TRUE">0</attscale></attr><attr><attrlabl Sync="TRUE">Area_1</attrlabl><attalias Sync="TRUE">Area_1</attalias><attrtype Sync="TRUE">Single</attrtype><attwidth Sync="TRUE">13</attwidth><atprecis Sync="TRUE">0</atprecis><attscale Sync="TRUE">0</attscale></attr><attr><attrlabl Sync="TRUE">Area_12</attrlabl><attalias Sync="TRUE">Area_12</attalias><attrtype Sync="TRUE">Single</attrtype><attwidth Sync="TRUE">13</attwidth><atprecis Sync="TRUE">0</atprecis><attscale Sync="TRUE">0</attscale></attr><attr><attrlabl Sync="TRUE">Area_12_13</attrlabl><attalias Sync="TRUE">Area_12_13</attalias><attrtype Sync="TRUE">Single</attrtype><attwidth Sync="TRUE">13</attwidth><atprecis Sync="TRUE">0</atprecis><attscale Sync="TRUE">0</attscale></attr><attr><attrlabl Sync="TRUE">Area_Gui</attrlabl><attalias Sync="TRUE">Area_Gui</attalias><attrtype Sync="TRUE">Double</attrtype><attwidth Sync="TRUE">11</attwidth><atprecis Sync="TRUE">10</atprecis><attscale Sync="TRUE">9</attscale></attr><attr><attrlabl Sync="TRUE">AL11</attrlabl><attalias Sync="TRUE">AL11</attalias><attrtype Sync="TRUE">Single</attrtype><attwidth Sync="TRUE">6</attwidth><atprecis Sync="TRUE">5</atprecis><attscale Sync="TRUE">4</attscale></attr><attr><attrlabl Sync="TRUE">AL13</attrlabl><attalias Sync="TRUE">AL13</attalias><attrtype Sync="TRUE">Single</attrtype><attwidth Sync="TRUE">6</attwidth><atprecis Sync="TRUE">5</atprecis><attscale Sync="TRUE">4</attscale></attr><attr><attrlabl Sync="TRUE">AL15</attrlabl><attalias Sync="TRUE">AL15</attalias><attrtype Sync="TRUE">Single</attrtype><attwidth Sync="TRUE">6</attwidth><atprecis Sync="TRUE">5</atprecis><attscale Sync="TRUE">4</attscale></attr><attr><attrlabl Sync="TRUE">Area_Gui_1</attrlabl><attalias Sync="TRUE">Area_Gui_1</attalias><attrtype Sync="TRUE">Double</attrtype><attwidth Sync="TRUE">10</attwidth><atprecis Sync="TRUE">10</atprecis><attscale Sync="TRUE">0</attscale></attr><attr><attrlabl Sync="TRUE">Rowid_</attrlabl><attalias Sync="TRUE">Rowid_</attalias><attrtype Sync="TRUE">Integer</attrtype><attwidth Sync="TRUE">9</attwidth><atprecis Sync="TRUE">9</atprecis><attscale Sync="TRUE">0</attscale></attr><attr><attrlabl Sync="TRUE">ID_1</attrlabl><attalias Sync="TRUE">ID_1</attalias><attrtype Sync="TRUE">Integer</attrtype><attwidth Sync="TRUE">9</attwidth><atprecis Sync="TRUE">9</atprecis><attscale Sync="TRUE">0</attscale></attr><attr><attrlabl Sync="TRUE">COUNT</attrlabl><attalias Sync="TRUE">COUNT</attalias><attrtype Sync="TRUE">Integer</attrtype><attwidth Sync="TRUE">9</attwidth><atprecis Sync="TRUE">9</atprecis><attscale Sync="TRUE">0</attscale></attr><attr><attrlabl Sync="TRUE">AREA_12_14</attrlabl><attalias Sync="TRUE">AREA_12_14</attalias><attrtype Sync="TRUE">Single</attrtype><attwidth Sync="TRUE">13</attwidth><atprecis Sync="TRUE">0</atprecis><attscale Sync="TRUE">0</attscale></attr><attr><attrlabl Sync="TRUE">MIN</attrlabl><attalias Sync="TRUE">MIN</attalias><attrtype Sync="TRUE">Single</attrtype><attwidth Sync="TRUE">13</attwidth><atprecis Sync="TRUE">0</atprecis><attscale Sync="TRUE">0</attscale></attr><attr><attrlabl Sync="TRUE">MAX</attrlabl><attalias Sync="TRUE">MAX</attalias><attrtype Sync="TRUE">Single</attrtype><attwidth Sync="TRUE">13</attwidth><atprecis Sync="TRUE">0</atprecis><attscale Sync="TRUE">0</attscale></attr><attr><attrlabl Sync="TRUE">RANGE</attrlabl><attalias Sync="TRUE">RANGE</attalias><attrtype Sync="TRUE">Single</attrtype><attwidth Sync="TRUE">13</attwidth><atprecis Sync="TRUE">0</atprecis><attscale Sync="TRUE">0</attscale></attr><attr><attrlabl Sync="TRUE">MEAN</attrlabl><attalias Sync="TRUE">MEAN</attalias><attrtype Sync="TRUE">Single</attrtype><attwidth Sync="TRUE">13</attwidth><atprecis Sync="TRUE">0</atprecis><attscale Sync="TRUE">0</attscale></attr><attr><attrlabl Sync="TRUE">STD</attrlabl><attalias Sync="TRUE">STD</attalias><attrtype Sync="TRUE">Single</attrtype><attwidth Sync="TRUE">13</attwidth><atprecis Sync="TRUE">0</atprecis><attscale Sync="TRUE">0</attscale></attr><attr><attrlabl Sync="TRUE">SUM</attrlabl><attalias Sync="TRUE">SUM</attalias><attrtype Sync="TRUE">Single</attrtype><attwidth Sync="TRUE">13</attwidth><atprecis Sync="TRUE">0</atprecis><attscale Sync="TRUE">0</attscale></attr><attr><attrlabl Sync="TRUE">CID</attrlabl><attalias Sync="TRUE">CID</attalias><attrtype Sync="TRUE">SmallInteger</attrtype><attwidth Sync="TRUE">4</attwidth><atprecis Sync="TRUE">4</atprecis><attscale Sync="TRUE">0</attscale></attr><attr><attrlabl Sync="TRUE">Type</attrlabl><attalias Sync="TRUE">Type</attalias><attrtype Sync="TRUE">String</attrtype><attwidth Sync="TRUE">50</attwidth><atprecis Sync="TRUE">0</atprecis><attscale Sync="TRUE">0</attscale></attr><attr><attrlabl Sync="TRUE">Act_level</attrlabl><attalias Sync="TRUE">Act_level</attalias><attrtype Sync="TRUE">SmallInteger</attrtype><attwidth Sync="TRUE">4</attwidth><atprecis Sync="TRUE">4</atprecis><attscale Sync="TRUE">0</attscale></attr><attr><attrlabl Sync="TRUE">New</attrlabl><attalias Sync="TRUE">New</attalias><attrtype Sync="TRUE">SmallInteger</attrtype><attwidth Sync="TRUE">4</attwidth><atprecis Sync="TRUE">4</atprecis><attscale Sync="TRUE">0</attscale></attr></detailed></eainfo><mdDateSt Sync="TRUE">20180706</mdDateSt></metadata>
